ParkID,Name,Official,Advisories,SpecialFeatures,Facilities,Washrooms,StreetNumber,StreetName,EWStreet,NSStreet,NeighbourhoodName,NeighbourhoodURL,Hectare,Lat,Long
10,Andy Livingstone Park,1,N,N,Y,Y,89,Expo Boulevard,Expo Boulevard,Carrall Street,Downtown,https://vancouver.ca/news-calendar/downtown.aspx,4.21,49.278923,-123.1055
14,Coopers' Park,1,N,Y,Y,N,1020,Marinaside Crescent,Nelson Street,Marinaside Crescent,Downtown,https://vancouver.ca/news-calendar/downtown.aspx,1.71,49.273253,-123.1139
18,Devonian Harbour Park,1,N,Y,Y,N,1929,W Georgia Street,W Georgia Street,Denman Street,Downtown,https://vancouver.ca/news-calendar/downtown.aspx,4.42,49.294353,-123.134654
19,Art Phillips Park,1,N,N,N,N,625,Burrard Street,Melville Street,Burrard Street,Downtown,https://vancouver.ca/news-calendar/downtown.aspx,0.1,49.285911,-123.120948
23,Helmcken Park,1,N,N,N,N,1103,Pacific Boulevard,Helmcken Street,Pacific Boulevard,Downtown,https://vancouver.ca/news-calendar/downtown.aspx,0.17,49.274814,-123.119555
25,May & Lorne Brown Park,1,N,N,N,N,801,Beach Avenue,Beach Avenue,Hornby Street,Downtown,https://vancouver.ca/news-calendar/downtown.aspx,0.25,49.275188,-123.132046
21,Harbour Green Park,1,N,Y,Y,Y,1199,W Cordova Street,W Cordova Street,Bute Street,Downtown,https://vancouver.ca/news-calendar/downtown.aspx,3.1,49.290263,-123.121924
24,Marina Square,1,N,Y,N,N,1675,Bayshore Drive,Bayshore Drive,Denman Street,Downtown,https://vancouver.ca/news-calendar/downtown.aspx,0.63,49.292334,-123.131296
26,Pioneer Place (Pigeon Park),1,N,N,N,N,399,Carrall Street,W Hastings Street,Carrall Street,Downtown,https://vancouver.ca/news-calendar/downtown.aspx,0.03,49.281699,-123.104588
28,CRAB Park at Portside,1,N,N,Y,Y,101,E Waterfront Road,E Waterfront Road,Main Street,Downtown,https://vancouver.ca/news-calendar/downtown.aspx,3.31,49.284942,-123.102377
31,Victory Square,1,N,N,N,N,200,W Hastings Street,W Hastings Street,Cambie Street,Downtown,https://vancouver.ca/news-calendar/downtown.aspx,0.39,49.282218,-123.110133
32,Wendy Poole Park,1,N,N,N,N,199,Alexander Street,Alexander Street,Main Street,Downtown,https://vancouver.ca/news-calendar/downtown.aspx,0.04,49.284296,-123.099666
225,George Wainborn Park,1,N,Y,N,N,450,Beach Crescent,Beach Crescent,,Downtown,https://vancouver.ca/news-calendar/downtown.aspx,2.49,49.272541,-123.129311
237,Yaletown Park,1,N,N,N,N,901,Mainland Street,Mainland Street,Nelson Street,Downtown,https://vancouver.ca/news-calendar/downtown.aspx,0.17,49.277042,-123.118921
12,Cathedral Square,1,N,N,N,N,566,Richards Street,Dunsmuir Street,Richards Street,Downtown,https://vancouver.ca/news-calendar/downtown.aspx,0.27,49.282084,-123.113877
13,Coal Harbour Park,1,N,N,Y,N,480,Broughton Street,W Hastings Street,Broughton Street,Downtown,https://vancouver.ca/news-calendar/downtown.aspx,0.95,49.289981,-123.125015
15,Creekside Park,1,N,Y,Y,N,1455,Quebec Street,Terminal Avenue,Quebec Street,Downtown,https://vancouver.ca/news-calendar/downtown.aspx,2.53,49.274415,-123.102924
16,David Lam Park,1,N,Y,Y,Y,1300,Pacific Boulevard,Drake Street,Pacific Boulevard,Downtown,https://vancouver.ca/news-calendar/downtown.aspx,4.34,49.272569,-123.124145
20,Emery Barnes Park,1,N,N,Y,N,1170,Richards Street,Davie Street,Richards Street,Downtown,https://vancouver.ca/news-calendar/downtown.aspx,0.85,49.276458,-123.123995
27,Portal Park,1,N,N,N,N,1099,W Hastings Street,W Hastings Street,Thurlow Street,Downtown,https://vancouver.ca/news-calendar/downtown.aspx,0.1,49.288042,-123.119169
29,Roundhouse Turntable Plaza,1,N,N,Y,N,181,Roundhouse Mews,Roundhouse Mews,Pacific Boulevard,Downtown,https://vancouver.ca/news-calendar/downtown.aspx,0.91,49.273379,-123.121603
30,Sun Yat-Sen Gardens,1,N,N,N,N,578,Carrall Street,Keefer Street,Carrall Street,Downtown,https://vancouver.ca/news-calendar/downtown.aspx,0.83,49.279691,-123.104233