address,name,urllink,geo_local_a
2985 Kingsway,Collingwood,http://www.vpl.ca/branches/details/collingwood_branch,Renfrew-Collingwood
1950 Argyle Drive,Fraserview,http://www.vpl.ca/branches/details/fraserview_branch,Victoria-Fraserview
870 Denman St,Joe Fortes,http://www.vpl.ca/branches/details/joe_fortes_branch,West End
2112 W 42nd Av,Kerrisdale,http://www.vpl.ca/branches/details/kerrisdale_branch,Kerrisdale
8386 Granville St,Marpole,http://www.vpl.ca/branches/details/marpole_branch,Marpole
345 Robson St,Central,http://www.vpl.ca/branches/details/outreach_branch,Downtown
7110 Kerr St,Champlain Heights,http://www.vpl.ca/branches/details/champlain_heights_branch,Killarney
1455 W 10th Av,Firehall,http://www.vpl.ca/branches/details/firehall_branch,Fairview
2425 Macdonald St,Kitsilano,http://www.vpl.ca/branches/details/kitsilano_branch,Kitsilano
1 Kingsway,Mount Pleasant,http://www.vpl.ca/branches/details/mount_pleasant_branch,Mount Pleasant
6076 Fraser St,South Hill,http://www.vpl.ca/branches/details/south_hill_branch,Sunset
4480 W 10th Av,West Point Grey,http://www.vpl.ca/branches/details/west_point_grey_branch,West Point Grey
2969 E 22nd Av,Renfrew,http://www.vpl.ca/branches/details/renfrew_branch,Renfrew-Collingwood
1661 Napier St,Britannia,http://www.vpl.ca/branches/details/britannia_branch,Grandview-Woodland
401 Main St,Carnegie,http://www.vpl.ca/branches/details/carnegie_branch,Downtown
350 W Georgia St,Central Branch,http://www.vpl.ca/branches/details/central_library,Downtown
4515 Dunbar St,Dunbar,http://www.vpl.ca/branches/details/dunbar_branch,Dunbar-Southlands
2674 E Hastings St,Hastings,http://www.vpl.ca/branches/details/hastings_branch,Hastings-Sunrise
1428 Cedar Cottage Mews,Kensington,http://www.vpl.ca/branches/details/kensington_branch,Kensington-Cedar Cottage
6184 Ash St,Oakridge,http://www.vpl.ca/branches/details/oakridge_branch,Oakridge
4575 Clancy Loranger Way,Terry Salman,http://www.vpl.ca/location/terry-salman-branch,Riley Park
592 E Pender St,Strathcona,http://www.vpl.ca/branches/details/strathcona_branch,Strathcona
